Relatório de Controle de Ponto (por período);;;;;;;;;;;;;;;;;;;;;;;;;;;
;Empregador:;;;;CASTAWARE SOLUTIONS INC.;;;;;;;;;;;;CNPJ:;;;;;;1234567890;;;;
;Endereço:;;;;CastaStreet, 1234 - Hawai;;;;;;;;;;;;Unidade:;;;;;;;;;;
;Período:;;;;;01/09/2019;;;a;;14/09/2019;;;;;;Emitido em:;;;;;;14/setembro/2019;;;;
;Matrícula:;;;;1;;;;;;;;;;;;Admissão:;;;;;;01/junho/2016;;;;
;Escala atual:;;;;08:00 Livres Almoço Flex Seg-Sex / Sáb-Dom Repouso;;;;;;;;;;;;Demissão:;;;;;;;;;;
;Cargo:;;;;;;;;;;;;Função:;;;;;;;;;;;;;;
;Empregado:;;;;Roberto Gomes Soares;;;;;;;;;;;;;;;;;;;;;;
Dia;;;"Jornada realizada
ENTR. SAIDA ENTR. SAIDA";;;;;;; Turno;;;Jornada Diurna/Not.;;"Extra
Diurno/Not.";;;;;;Devido;Abono;;Desab;;; Justificativa
01/09 - dom;;;;;;;;;;(R) ;;;;;;;;;;;;;;;;;
02/09 - seg;;;10:25 12:34 13:35 18:28;;;;;;;8:00h Livre (intervalo 12:00-13:00 [flex]);;;07:02;00:00;00:00;;;00:00;;;00:58;;;;;;
03/09 - ter;;;09:18 12:04 13:23 19:33;;;;;;;8:00h Livre (intervalo 12:00-13:00 [flex]);;;08:00;00:00;00:56;;;00:00;;;00:00;;;;;;
04/09 - qua;;;09:37 11:16 11:56 18:51;;;;;;;8:00h Livre (intervalo 12:00-13:00 [flex]);;;08:34;00:00;00:00;;;00:00;;;00:00;;;;;;
05/09 - qui;;;09:47 12:18 13:15 18:16;;;;;;;8:00h Livre (intervalo 12:00-13:00 [flex]);;;07:32;00:00;00:00;;;00:00;;;00:00;;;;;;
06/09 - sex;;;08:54 11:13 11:58 16:12;;;;;;;8:00h Livre (intervalo 12:00-13:00 [flex]);;;06:33;00:00;00:00;;;00:00;;;01:27;;;;;;
07/09 - sáb;;;;;;;;;;(R) ;;;;;;;;;;;;;;;;;
08/09 - dom;;;;;;;;;;(R) ;;;;;;;;;;;;;;;;;
09/09 - seg;;;09:22 11:40 12:44 19:07;;;;;;;8:00h Livre (intervalo 12:00-13:00 [flex]);;;08:00;00:00;00:41;;;00:00;;;00:00;;;;;;
10/09 - ter;;;;;;;;;;(F) 8:00h Livre (intervalo 12:00-13:00 [flex]);;;00:00;00:00;00:00;;;00:00;;;08:00;;;;;;
11/09 - qua;;;;;;;;;;(F) 8:00h Livre (intervalo 12:00-13:00 [flex]);;;00:00;00:00;00:00;;;00:00;;;08:00;;;;;;
12/09 - qui;;;;;;;;;;(F) 8:00h Livre (intervalo 12:00-13:00 [flex]);;;00:00;00:00;00:00;;;00:00;;;08:00;;;;;;
13/09 - sex;;;10:58 11:35 12:32 18:45;;;;;;;8:00h Livre (intervalo 12:00-13:00 [flex]);;;06:50;00:00;00:00;;;00:00;;;01:10;;;;;;
14/09 - sáb;;;;;;;;;;(R) ;;;;;;;;;;;;;;;;;
;Jornada + Abono;;;;;;;Jornada total;;;;52:31 (52,52);;;;00:00 (0,0);;;;;;;;;Jornada noturna;;
;52:31 (52,52);;;;;;;Extra total;;;;01:37 (1,62);;;;;;;;;;;;;;;
;Trabalhado (Jor.+Ext.);;;;;;;Atraso efetivo;;;;00:00 (0,0);;;;00:00 (0,0);;;;;;;;;Antecipação efetiva;;
;54:07 (54,13);;;;;;;Devido;;;;27:34 (27,58);;;;00:00 (0,0);;;;;;;;;Abonado;;
;Faltas;(horas);;;;;;Devido (s/faltas);;;;03:34 (3,58);;;;00:00 (0,0);;;;;;;;;Abonado (s/faltas);;
;3;24:00 (24,0);;;;;;Extra efetivo;;;;01:37 (1,62);;;;00:00 (0,0);;;;;;;;;Desabonado;;
;Dias;Feriados trab.;;;;;;Devido efetivo;;;;27:34 (27,58);;;;03:35:00;;;;;;;;;Devido efet(s/faltas;;
;14;0;;;;;;Dias escalados;;;;10;;;;-25:58 (-25,97);;;;;;;;;Saldo de Horas;;
;;;;;;;;BdH Acumulado;;;;-328:10 (-328,17);;;;80:00 (80,0);;;;;;;;;Horas programadas;;
Controle de Extra;;;;;;;;;;;;;;;;;;;;;;;;;;;
Jornada;;;;;;;Jornada de trabalho;;;;;;;;;;;;;;;;;;;52:30 (52,52);
Assinatura Gestor/Supervisor;;;;;;;;;;;;;;;;;;;Assinatura;;;;;;;;
;Empregador:;;;;CASTAWARE SOLUTIONS INC.;;;;;;;;;;;;CNPJ:;;;;;;1234567890;;;;
;Endereço:;;;;CastaStreet, 1234 - Hawai;;;;;;;;;;;;Unidade:;;;;;;;;;;
;Período:;;;;;01/09/2019;;;a;;14/09/2019;;;;;;Emitido em:;;;;;;14/setembro/2019;;;;
;Matrícula:;;;;62;;;;;;;;;;;;Admissão:;;;;;;;;;;
;Escala atual:;;;;06:00 Livres Almoço Flex Seg-Sex / Sáb-Dom Repouso;;;;;;;;;;;;Demissão:;;;;;;;;;;
;Cargo:;;;;;;;;;;;;Função:;;;;;;;;;;;;;;
;Empregado:;;;;Joana Hertzi;;;;;;;;;;;;;;;;;;;;;;
Dia;;;"Jornada realizada
ENTR. SAIDA ENTR. SAIDA";;;;;;; Turno;;;Jornada Diurna/Not.;;"Extra
Diurno/Not.";;;;;;Devido;Abono;;Desab;;; Justificativa
01/09 - dom;;;;;;;;;;(R) ;;;;;;;;;;;;;;;;;
02/09 - seg;;;;;;;;;;(F) 6:00h Livre (intervalo 12:00-13:00 [flex]);;;00:00;00:00;00:00;;;00:00;;;06:00;;;;;;
03/09 - ter;;;09:11 14:53;;;;;;;6:00h Livre (intervalo 12:00-13:00 [flex]);;;05:42;00:00;00:00;;;00:00;;;00:00;;;;;;
04/09 - qua;;;11:48 17:54 18:25 20:03;;;;;;;6:00h Livre (intervalo 12:00-13:00 [flex]);;;06:06;00:00;01:38;;;00:00;;;00:00;;;;;;
05/09 - qui;;;10:54 16:34 16:57 18:36;;;;;;;6:00h Livre (intervalo 12:00-13:00 [flex]);;;06:00;00:00;01:19;;;00:00;;;00:00;;;;;;
06/09 - sex;;;19:12;;;;;;;6:00h Livre (intervalo 12:00-13:00 [flex]);;;00:00;00:00;00:00;;;00:00;;;19:12;;;;;;
07/09 - sáb;;;;;;;;;;(R) ;;;;;;;;;;;;;;;;;
08/09 - dom;;;;;;;;;;(R) ;;;;;;;;;;;;;;;;;
09/09 - seg;;;;;;;;;;(F) 6:00h Livre (intervalo 12:00-13:00 [flex]);;;00:00;00:00;00:00;;;00:00;;;06:00;;;;;;
10/09 - ter;;;09:25 17:42 17:53 19:02;;;;;;;6:00h Livre (intervalo 12:00-13:00 [flex]);;;06:00;00:00;03:26;;;00:00;;;00:00;;;;;;
11/09 - qua;;;11:25 11:55 12:54 18:28 18:57 19:26;;;;;;;6:00h Livre (intervalo 12:00-13:00 [flex]);;;06:04;00:00;00:00;;;00:00;;;00:00;;;;;;
12/09 - qui;;;13:06 15:19 15:42;;;;;;;6:00h Livre (intervalo 12:00-13:00 [flex]);;;00:00;00:00;00:00;;;00:00;;;13:06;;;;;;
13/09 - sex;;;09:26 11:36 12:33 19:47;;;;;;;6:00h Livre (intervalo 12:00-13:00 [flex]);;;06:00;00:00;03:24;;;00:00;;;00:00;;;;;;
14/09 - sáb;;;;;;;;;;(R) ;;;;;;;;;;;;;;;;;
;Jornada + Abono;;;;;;;Jornada total;;;;35:52 (35,87);;;;00:00 (0,0);;;;;;;;;Jornada noturna;;
;35:52 (35,87);;;;;;;Extra total;;;;09:46 (9,78);;;;;;;;;;;;;;;
;Trabalhado (Jor.+Ext.);;;;;;;Atraso efetivo;;;;32:18 (32,3);;;;00:00 (0,0);;;;;;;;;Antecipação efetiva;;
;45:39 (45,65);;;;;;;Devido;;;;44:18 (44,3);;;;00:00 (0,0);;;;;;;;;Abonado;;
;Faltas;(horas);;;;;;Devido (s/faltas);;;;32:18 (32,3);;;;00:00 (0,0);;;;;;;;;Abonado (s/faltas);;
;2;12:00 (12,0);;;;;;Extra efetivo;;;;09:46 (9,78);;;;00:00 (0,0);;;;;;;;;Desabonado;;
;Dias;Feriados trab.;;;;;;;;;;;;;;;;;;;;;;;;;
;;;;;;;;Devido efetivo;;;;44:18 (44,3);;;;1.08:18:00;;;;;;;;;Devido efet(s/faltas;;
;14;0;;;;;;Dias escalados;;;;10;;;;-34:31 (-34,52);;;;;;;;;Saldo de Horas;;
;;;;;;;;;;;;;;;;60:00 (60,0);;;;;;;;;Horas programadas;;
Controle de Extra;;;;;;;;;;;;;;;;;;;;;;;;;;;
Jornada;;;;;;;Jornada de trabalho;;;;;;;;;;;;;;;;;;;38:05 (38,08);
Assinatura Gestor/Supervisor;;;;;;;;;;;;;;;;;;;Assinatura;;;;;;;;
;Empregador:;;;;CASTAWARE SOLUTIONS INC.;;;;;;;;;;;;CNPJ:;;;;;;1234567890;;;;
;Endereço:;;;;CastaStreet, 1234 - Hawai;;;;;;;;;;;;Unidade:;;;;;;;;;;
;Período:;;;;;01/09/2019;;;a;;14/09/2019;;;;;;Emitido em:;;;;;;14/setembro/2019;;;;
;Matrícula:;;;;2;;;;;;;;;;;;Admissão:;;;;;;01/junho/2016;;;;
;Escala atual:;;;;08:00 Livres Almoço Flex Seg-Sex / Sáb-Dom Repouso;;;;;;;;;;;;Demissão:;;;;;;;;;;
;Cargo:;;;;;;;;;;;;Função:;;;;;;;;;;;;;;
;Empregado:;;;;Gabriel Nunes Santos;;;;;;;;;;;;;;;;;;;;;;
Dia;;;"Jornada realizada
ENTR. SAIDA ENTR. SAIDA";;;;;;; Turno;;;Jornada Diurna/Not.;;"Extra
Diurno/Not.";;;;;;Devido;Abono;;Desab;;; Justificativa
01/09 - dom;;;;;;;;;;(R) ;;;;;;;;;;;;;;;;;
02/09 - seg;;;10:00 19:04;;;;;;;8:00h Livre (intervalo 12:00-13:00 [flex]);;;08:00;00:00;01:04;;;00:00;;;00:00;;;;;;
03/09 - ter;;;10:18 19:23;;;;;;;8:00h Livre (intervalo 12:00-13:00 [flex]);;;08:00;00:00;01:05;;;00:00;;;00:00;;;;;;
04/09 - qua;;;18:56;;;;;;;8:00h Livre (intervalo 12:00-13:00 [flex]);;;00:00;00:00;00:00;;;00:00;;;18:56;;;;;;
05/09 - qui;;;10:03 12:03;;;;;;;8:00h Livre (intervalo 12:00-13:00 [flex]);;;02:00;00:00;00:00;;;00:00;;;06:00;;;;;;
06/09 - sex;;;09:44;;;;;;;8:00h Livre (intervalo 12:00-13:00 [flex]);;;00:00;00:00;00:00;;;00:00;;;09:44;;;;;;
07/09 - sáb;;;;;;;;;;(R) ;;;;;;;;;;;;;;;;;
08/09 - dom;;;;;;;;;;(R) ;;;;;;;;;;;;;;;;;
09/09 - seg;;;09:32 18:48;;;;;;;8:00h Livre (intervalo 12:00-13:00 [flex]);;;08:00;00:00;01:16;;;00:00;;;00:00;;;;;;
10/09 - ter;;;11:16;;;;;;;8:00h Livre (intervalo 12:00-13:00 [flex]);;;00:00;00:00;00:00;;;00:00;;;11:16;;;;;;
11/09 - qua;;;09:14;;;;;;;8:00h Livre (intervalo 12:00-13:00 [flex]);;;00:00;00:00;00:00;;;00:00;;;09:14;;;;;;
12/09 - qui;;;18:27;;;;;;;8:00h Livre (intervalo 12:00-13:00 [flex]);;;00:00;00:00;00:00;;;00:00;;;18:27;;;;;;
13/09 - sex;;;;;;;;;;(F) 8:00h Livre (intervalo 12:00-13:00 [flex]);;;00:00;00:00;00:00;;;00:00;;;08:00;;;;;;
14/09 - sáb;;;;;;;;;;(R) ;;;;;;;;;;;;;;;;;
;Jornada + Abono;;;;;;;Jornada total;;;;26:00 (26,0);;;;00:00 (0,0);;;;;;;;;Jornada noturna;;
;26:00 (26,0);;;;;;;Extra total;;;;03:25 (3,42);;;;;;;;;;;;;;;
;Trabalhado (Jor.+Ext.);;;;;;;Atraso efetivo;;;;67:37 (67,62);;;;00:00 (0,0);;;;;;;;;Antecipação efetiva;;
;29:25 (29,42);;;;;;;Devido;;;;81:37 (81,62);;;;00:00 (0,0);;;;;;;;;Abonado;;
;;;;;;;;Devido (s/faltas);;;;73:37 (73,62);;;;00:00 (0,0);;;;;;;;;Abonado (s/faltas);;
;Faltas;(horas);;;;;;;;;;;;;;;;;;;;;;;;;
;1;08:00 (8,0);;;;;;Extra efetivo;;;;03:25 (3,42);;;;00:00 (0,0);;;;;;;;;Desabonado;;
;Dias;Feriados trab.;;;;;;;;;;;;;;;;;;;;;;;;;
;;;;;;;;Devido efetivo;;;;81:37 (81,62);;;;3.01:37:00;;;;;;;;;Devido efet(s/faltas;;
;14;0;;;;;;;;;;;;;;;;;;;;;;;;;
;;;;;;;;Dias escalados;;;;10;;;;-78:12 (-78,2);;;;;;;;;Saldo de Horas;;
;;;;;;;;;;;;;;;;80:00 (80,0);;;;;;;;;Horas programadas;;
Controle de Extra;;;;;;;;;;;;;;;;;;;;;;;;;;;
Jornada;;;;;;;Jornada de trabalho;;;;;;;;;;;;;;;;;;;26:00 (26,0);
Assinatura Gestor/Supervisor;;;;;;;;;;;;;;;;;;;Assinatura;;;;;;;;
;Empregador:;;;;CASTAWARE SOLUTIONS INC.;;;;;;;;;;;;CNPJ:;;;;;;1234567890;;;;
;Endereço:;;;;CastaStreet, 1234 - Hawai;;;;;;;;;;;;Unidade:;;;;;;;;;;
;Período:;;;;;01/09/2019;;;a;;14/09/2019;;;;;;Emitido em:;;;;;;14/setembro/2019;;;;
;Matrícula:;;;;66;;;;;;;;;;;;Admissão:;;;;;;;;;;
;Escala atual:;;;;;;;;;;;;;;;;Demissão:;;;;;;;;;;
;Cargo:;;;;;;;;;;;;Função:;;;;;;;;;;;;;;
;Empregado:;;;;Paulo Bandeira Júnior;;;;;;;;;;;;;;;;;;;;;;
Dia;;;"Jornada realizada
ENTR. SAIDA ENTR. SAIDA";;;;;;; Turno;;;Jornada Diurna/Not.;;"Extra
Diurno/Not.";;;;;;Devido;Abono;;Desab;;; Justificativa
01/09 - dom;;;;;;;;;;(R) ;;;;;;;;;;;;;;;;;
02/09 - seg;;;;;;;;;;(R) ;;;;;;;;;;;;;;;;;
03/09 - ter;;;;;;;;;;(R) ;;;;;;;;;;;;;;;;;
04/09 - qua;;;;;;;;;;(R) ;;;;;;;;;;;;;;;;;
05/09 - qui;;;;;;;;;;(R) ;;;;;;;;;;;;;;;;;
06/09 - sex;;;;;;;;;;(R) ;;;;;;;;;;;;;;;;;
07/09 - sáb;;;;;;;;;;(R) ;;;;;;;;;;;;;;;;;
08/09 - dom;;;;;;;;;;(R) ;;;;;;;;;;;;;;;;;
09/09 - seg;;;;;;;;;;(R) ;;;;;;;;;;;;;;;;;
10/09 - ter;;;;;;;;;;(R) ;;;;;;;;;;;;;;;;;
11/09 - qua;;;;;;;;;;(R) ;;;;;;;;;;;;;;;;;
12/09 - qui;;;;;;;;;;(R) ;;;;;;;;;;;;;;;;;
13/09 - sex;;;;;;;;;;(R) ;;;;;;;;;;;;;;;;;
14/09 - sáb;;;;;;;;;;(R) ;;;;;;;;;;;;;;;;;
;Jornada + Abono;;;;;;;Jornada total;;;;00:00 (0,0);;;;00:00 (0,0);;;;;;;;;Jornada noturna;;
;00:00 (0,0);;;;;;;Extra total;;;;00:00 (0,0);;;;;;;;;;;;;;;
;Trabalhado (Jor.+Ext.);;;;;;;Atraso efetivo;;;;00:00 (0,0);;;;00:00 (0,0);;;;;;;;;Antecipação efetiva;;
;00:00 (0,0);;;;;;;Devido;;;;00:00 (0,0);;;;00:00 (0,0);;;;;;;;;Abonado;;
;;;;;;;;Devido (s/faltas);;;;00:00 (0,0);;;;00:00 (0,0);;;;;;;;;Abonado (s/faltas);;
;Faltas;(horas);;;;;;;;;;;;;;;;;;;;;;;;;
;0;00:00 (0,0);;;;;;Extra efetivo;;;;00:00 (0,0);;;;00:00 (0,0);;;;;;;;;Desabonado;;
;Dias;Feriados trab.;;;;;;Devido efetivo;;;;00:00 (0,0);;;;0;;;;;;;;;Devido efet(s/faltas;;
;14;0;;;;;;;;;;;;;;;;;;;;;;;;;
;;;;;;;;Dias escalados;;;;0;;;;00:00 (0,0);;;;;;;;;Saldo de Horas;;
;;;;;;;;;;;;;;;;00:00 (0,0);;;;;;;;;Horas programadas;;
 ;;;;;;;;;;;;;;;;;;;;;;;;;;;
Assinatura Gestor/Supervisor;;;;;;;;;;;;;;;;;;;Assinatura;;;;;;;;
;Empregador:;;;;CASTAWARE SOLUTIONS INC.;;;;;;;;;;;;CNPJ:;;;;;;1234567890;;;;
;Endereço:;;;;CastaStreet, 1234 - Hawai;;;;;;;;;;;;Unidade:;;;;;;;;;;
;Período:;;;;;01/09/2019;;;a;;14/09/2019;;;;;;Emitido em:;;;;;;14/setembro/2019;;;;
;Matrícula:;;;;61;;;;;;;;;;;;Admissão:;;;;;;17/julho/2019;;;;
;Escala atual:;;;;08:00 Livres Almoço Flex Seg-Sex / Sáb-Dom Repouso;;;;;;;;;;;;Demissão:;;;;;;;;;;
;Cargo:;;;;;;;;;;;;Função:;;;;;;;;;;;;;;
;Empregado:;;;;Bruno João Cipillo;;;;;;;;;;;;;;;;;;;;;;
Dia;;;"Jornada realizada
ENTR. SAIDA ENTR. SAIDA";;;;;;; Turno;;;Jornada Diurna/Not.;;"Extra
Diurno/Not.";;;;;;Devido;Abono;;Desab;;; Justificativa
01/09 - dom;;;;;;;;;;(R) ;;;;;;;;;;;;;;;;;
02/09 - seg;;;11:40 17:19 17:28 18:45;;;;;;;8:00h Livre (intervalo 12:00-13:00 [flex]);;;06:56;00:00;00:00;;;00:00;;;01:04;;;;;;
03/09 - ter;;;11:24 19:02;;;;;;;8:00h Livre (intervalo 12:00-13:00 [flex]);;;07:38;00:00;00:00;;;00:00;;;00:00;;;;;;
04/09 - qua;;;11:20 13:05 13:53 19:03;;;;;;;8:00h Livre (intervalo 12:00-13:00 [flex]);;;06:55;00:00;00:00;;;00:00;;;01:05;;;;;;
05/09 - qui;;;12:34 14:22 14:53 20:46;;;;;;;8:00h Livre (intervalo 12:00-13:00 [flex]);;;07:41;00:00;00:00;;;00:00;;;00:00;;;;;;
06/09 - sex;;;11:13 12:51 13:59 16:59 17:09 18:41;;;;;;;8:00h Livre (intervalo 12:00-13:00 [flex]);;;06:10;00:00;00:00;;;00:00;;;01:50;;;;;;
07/09 - sáb;;;;;;;;;;(R) ;;;;;;;;;;;;;;;;;
08/09 - dom;;;;;;;;;;(R) ;;;;;;;;;;;;;;;;;
09/09 - seg;;;11:16 18:48;;;;;;;8:00h Livre (intervalo 12:00-13:00 [flex]);;;07:32;00:00;00:00;;;00:00;;;00:00;;;;;;
10/09 - ter;;;;;;;;;;(F) 8:00h Livre (intervalo 12:00-13:00 [flex]);;;00:00;00:00;00:00;;;00:00;;;08:00;;;;;;
11/09 - qua;;;10:32 13:42 14:34 18:16;;;;;;;8:00h Livre (intervalo 12:00-13:00 [flex]);;;06:52;00:00;00:00;;;00:00;;;01:08;;;;;;
12/09 - qui;;;10:52 13:58 15:24 18:44;;;;;;;8:00h Livre (intervalo 12:00-13:00 [flex]);;;06:26;00:00;00:00;;;00:00;;;01:34;;;;;;
13/09 - sex;;;11:37 20:18;;;;;;;8:00h Livre (intervalo 12:00-13:00 [flex]);;;08:00;00:00;00:41;;;00:00;;;00:00;;;;;;
14/09 - sáb;;;;;;;;;;(R) ;;;;;;;;;;;;;;;;;
;Jornada + Abono;;;;;;;Jornada total;;;;64:10 (64,17);;;;00:00 (0,0);;;;;;;;;Jornada noturna;;
;64:10 (64,17);;;;;;;Extra total;;;;00:40 (0,68);;;;;;;;;;;;;;;
;Trabalhado (Jor.+Ext.);;;;;;;Atraso efetivo;;;;00:00 (0,0);;;;00:00 (0,0);;;;;;;;;Antecipação efetiva;;
;64:51 (64,85);;;;;;;Devido;;;;14:40 (14,68);;;;00:00 (0,0);;;;;;;;;Abonado;;
;Faltas;(horas);;;;;;Devido (s/faltas);;;;06:40 (6,68);;;;00:00 (0,0);;;;;;;;;Abonado (s/faltas);;
;1;08:00 (8,0);;;;;;Extra efetivo;;;;00:40 (0,68);;;;00:00 (0,0);;;;;;;;;Desabonado;;
;Dias;Feriados trab.;;;;;;;;;;;;;;;;;;;;;;;;;
;;;;;;;;Devido efetivo;;;;14:40 (14,68);;;;06:41:00;;;;;;;;;Devido efet(s/faltas;;
;14;0;;;;;;Dias escalados;;;;10;;;;-14:00 (-14,0);;;;;;;;;Saldo de Horas;;
;;;;;;;;;;;;;;;;80:00 (80,0);;;;;;;;;Horas programadas;;
Controle de Extra;;;;;;;;;;;;;;;;;;;;;;;;;;;
Jornada;;;;;;;Jornada de trabalho;;;;;;;;;;;;;;;;;;;64:09 (64,17);
Assinatura Gestor/Supervisor;;;;;;;;;;;;;;;;;;;Assinatura;;;;;;;;
;Empregador:;;;;CASTAWARE SOLUTIONS INC.;;;;;;;;;;;;CNPJ:;;;;;;1234567890;;;;
;Endereço:;;;;CastaStreet, 1234 - Hawai;;;;;;;;;;;;Unidade:;;;;;;;;;;
;Período:;;;;;01/09/2019;;;a;;14/09/2019;;;;;;Emitido em:;;;;;;14/setembro/2019;;;;
;Matrícula:;;;;58;;;;;;;;;;;;Admissão:;;;;;;;;;;
;Escala atual:;;;;08:00 Livres Almoço Flex Seg-Sex / Sáb-Dom Repouso;;;;;;;;;;;;Demissão:;;;;;;;;;;
;Cargo:;;;;;;;;;;;;Função:;;;;;;;;;;;;;;
;Empregado:;;;;Carlos Alex de Andrade;;;;;;;;;;;;;;;;;;;;;;
Dia;;;"Jornada realizada
ENTR. SAIDA ENTR. SAIDA";;;;;;; Turno;;;Jornada Diurna/Not.;;"Extra
Diurno/Not.";;;;;;Devido;Abono;;Desab;;; Justificativa
01/09 - dom;;;;;;;;;;(R) ;;;;;;;;;;;;;;;;;
02/09 - seg;;;11:01 12:34 13:35 19:50;;;;;;;8:00h Livre (intervalo 12:00-13:00 [flex]);;;07:48;00:00;00:00;;;00:00;;;00:00;;;;;;
03/09 - ter;;;12:01 12:06 15:45 19:37;;;;;;;8:00h Livre (intervalo 12:00-13:00 [flex]);;;03:57;00:00;00:00;;;00:00;;;04:03;;;;;;
04/09 - qua;;;11:32 13:10 13:46;;;;;;;8:00h Livre (intervalo 12:00-13:00 [flex]);;;00:00;00:00;00:00;;;00:00;;;11:32;;;;;;
05/09 - qui;;;10:55 12:16 13:15 18:27;;;;;;;8:00h Livre (intervalo 12:00-13:00 [flex]);;;06:33;00:00;00:00;;;00:00;;;01:27;;;;;;
06/09 - sex;;;11:43 19:34;;;;;;;8:00h Livre (intervalo 12:00-13:00 [flex]);;;07:51;00:00;00:00;;;00:00;;;00:00;;;;;;
07/09 - sáb;;;;;;;;;;(R) ;;;;;;;;;;;;;;;;;
08/09 - dom;;;;;;;;;;(R) ;;;;;;;;;;;;;;;;;
09/09 - seg;;;10:43 11:45 12:44 19:07;;;;;;;8:00h Livre (intervalo 12:00-13:00 [flex]);;;07:25;00:00;00:00;;;00:00;;;00:00;;;;;;
10/09 - ter;;;13:06 14:09 20:36;;;;;;;8:00h Livre (intervalo 12:00-13:00 [flex]);;;00:00;00:00;00:00;;;00:00;;;13:06;;;;;;
11/09 - qua;;;12:57 18:28 18:57 21:04;;;;;;;8:00h Livre (intervalo 12:00-13:00 [flex]);;;07:38;00:00;00:00;;;00:00;;;00:00;;;;;;
12/09 - qui;;;10:02 13:58 15:24 18:27;;;;;;;8:00h Livre (intervalo 12:00-13:00 [flex]);;;06:59;00:00;00:00;;;00:00;;;01:01;;;;;;
13/09 - sex;;;09:49 11:38 12:32 19:12;;;;;;;8:00h Livre (intervalo 12:00-13:00 [flex]);;;08:29;00:00;00:00;;;00:00;;;00:00;;;;;;
14/09 - sáb;;;;;;;;;;(R) ;;;;;;;;;;;;;;;;;
;Jornada + Abono;;;;;;;Jornada total;;;;56:40 (56,67);;;;00:00 (0,0);;;;;;;;;Jornada noturna;;
;56:40 (56,67);;;;;;;Extra total;;;;00:00 (0,0);;;;;;;;;;;;;;;
;Trabalhado (Jor.+Ext.);;;;;;;Atraso efetivo;;;;24:37 (24,63);;;;00:00 (0,0);;;;;;;;;Antecipação efetiva;;
;56:40 (56,67);;;;;;;Devido;;;;31:09 (31,15);;;;00:00 (0,0);;;;;;;;;Abonado;;
;;;;;;;;Devido (s/faltas);;;;31:09 (31,15);;;;00:00 (0,0);;;;;;;;;Abonado (s/faltas);;
;Faltas;(horas);;;;;;;;;;;;;;;;;;;;;;;;;
;0;00:00 (0,0);;;;;;Extra efetivo;;;;00:00 (0,0);;;;00:00 (0,0);;;;;;;;;Desabonado;;
;Dias;Feriados trab.;;;;;;;;;;;;;;;;;;;;;;;;;
;;;;;;;;Devido efetivo;;;;31:09 (31,15);;;;1.07:09:00;;;;;;;;;Devido efet(s/faltas;;
;14;0;;;;;;;;;;;;;;;;;;;;;;;;;
;;;;;;;;Dias escalados;;;;10;;;;-31:09 (-31,15);;;;;;;;;Saldo de Horas;;
;;;;;;;;;;;;;;;;80:00 (80,0);;;;;;;;;Horas programadas;;
Controle de Extra;;;;;;;;;;;;;;;;;;;;;;;;;;;
Jornada;;;;;;;Jornada de trabalho;;;;;;;;;;;;;;;;;;;59:20 (59,35);
Assinatura Gestor/Supervisor;;;;;;;;;;;;;;;;;;;Assinatura;;;;;;;;
;Empregador:;;;;CASTAWARE SOLUTIONS INC.;;;;;;;;;;;;CNPJ:;;;;;;1234567890;;;;
;Endereço:;;;;CastaStreet, 1234 - Hawai;;;;;;;;;;;;Unidade:;;;;;;;;;;
;Período:;;;;;01/09/2019;;;a;;14/09/2019;;;;;;Emitido em:;;;;;;14/setembro/2019;;;;
;Matrícula:;;;;64;;;;;;;;;;;;Admissão:;;;;;;;;;;
;Escala atual:;;;;06:00 Livres Almoço Flex Seg-Sex / Sáb-Dom Repouso;;;;;;;;;;;;Demissão:;;;;;;;;;;
;Cargo:;;;;;;;;;;;;Função:;;;;;;;;;;;;;;
;Empregado:;;;;João Paulo de Lima Torres;;;;;;;;;;;;;;;;;;;;;;
Dia;;;"Jornada realizada
ENTR. SAIDA ENTR. SAIDA";;;;;;; Turno;;;Jornada Diurna/Not.;;"Extra
Diurno/Not.";;;;;;Devido;Abono;;Desab;;; Justificativa
01/09 - dom;;;;;;;;;;(R) ;;;;;;;;;;;;;;;;;
02/09 - seg;;;10:14 18:13;;;;;;;6:00h Livre (intervalo 12:00-13:00 [flex]);;;06:00;00:00;01:59;;;00:00;;;00:00;;;;;;
03/09 - ter;;;13:13 17:05;;;;;;;6:00h Livre (intervalo 12:00-13:00 [flex]);;;03:52;00:00;00:00;;;00:00;;;02:08;;;;;;
04/09 - qua;;;11:16 16:01 16:13 18:09;;;;;;;6:00h Livre (intervalo 12:00-13:00 [flex]);;;06:00;00:00;00:41;;;00:00;;;00:00;;;;;;
05/09 - qui;;;13:32 17:29;;;;;;;6:00h Livre (intervalo 12:00-13:00 [flex]);;;03:57;00:00;00:00;;;00:00;;;02:03;;;;;;
06/09 - sex;;;10:44 12:27 12:42 16:58;;;;;;;6:00h Livre (intervalo 12:00-13:00 [flex]);;;05:59;00:00;00:00;;;00:00;;;00:00;;;;;;
07/09 - sáb;;;;;;;;;;(R) ;;;;;;;;;;;;;;;;;
08/09 - dom;;;;;;;;;;(R) ;;;;;;;;;;;;;;;;;
09/09 - seg;;;09:45 12:28 12:34 17:52;;;;;;;6:00h Livre (intervalo 12:00-13:00 [flex]);;;06:00;00:00;02:01;;;00:00;;;00:00;;;;;;
10/09 - ter;;;13:06 19:34;;;;;;;6:00h Livre (intervalo 12:00-13:00 [flex]);;;06:28;00:00;00:00;;;00:00;;;00:00;;;;;;
11/09 - qua;;;12:11 18:40;;;;;;;6:00h Livre (intervalo 12:00-13:00 [flex]);;;06:29;00:00;00:00;;;00:00;;;00:00;;;;;;
12/09 - qui;;;13:03 14:32 14:37 18:23;;;;;;;6:00h Livre (intervalo 12:00-13:00 [flex]);;;05:15;00:00;00:00;;;00:00;;;00:45;;;;;;
13/09 - sex;;;;;;;;;;(F) 6:00h Livre (intervalo 12:00-13:00 [flex]);;;00:00;00:00;00:00;;;00:00;;;06:00;;;;;;
14/09 - sáb;;;;;;;;;;(R) ;;;;;;;;;;;;;;;;;
;Jornada + Abono;;;;;;;Jornada total;;;;50:00 (50,0);;;;00:00 (0,0);;;;;;;;;Jornada noturna;;
;50:00 (50,0);;;;;;;Extra total;;;;04:40 (4,68);;;;;;;;;;;;;;;
;Trabalhado (Jor.+Ext.);;;;;;;Atraso efetivo;;;;00:00 (0,0);;;;00:00 (0,0);;;;;;;;;Antecipação efetiva;;
;54:40 (54,68);;;;;;;Devido;;;;10:55 (10,93);;;;00:00 (0,0);;;;;;;;;Abonado;;
;;;;;;;;Devido (s/faltas);;;;04:55 (4,93);;;;00:00 (0,0);;;;;;;;;Abonado (s/faltas);;
;Faltas;(horas);;;;;;;;;;;;;;;;;;;;;;;;;
;1;06:00 (6,0);;;;;;Extra efetivo;;;;04:40 (4,68);;;;00:00 (0,0);;;;;;;;;Desabonado;;
;Dias;Feriados trab.;;;;;;Devido efetivo;;;;10:55 (10,93);;;;04:56:00;;;;;;;;;Devido efet(s/faltas;;
;14;0;;;;;;;;;;;;;;;;;;;;;;;;;
;;;;;;;;Dias escalados;;;;10;;;;-06:15 (-6,25);;;;;;;;;Saldo de Horas;;
;;;;;;;;;;;;;;;;60:00 (60,0);;;;;;;;;Horas programadas;;
Controle de Extra;;;;;;;;;;;;;;;;;;;;;;;;;;;
Jornada;;;;;;;Jornada de trabalho;;;;;;;;;;;;;;;;;;;50:00 (50,0);
Assinatura Gestor/Supervisor;;;;;;;;;;;;;;;;;;;Assinatura;;;;;;;;
;Empregador:;;;;CASTAWARE SOLUTIONS INC.;;;;;;;;;;;;CNPJ:;;;;;;1234567890;;;;
;Endereço:;;;;CastaStreet, 1234 - Hawai;;;;;;;;;;;;Unidade:;;;;;;;;;;
;Período:;;;;;01/09/2019;;;a;;14/09/2019;;;;;;Emitido em:;;;;;;14/setembro/2019;;;;
;Matrícula:;;;;65;;;;;;;;;;;;Admissão:;;;;;;;;;;
;Escala atual:;;;;06:00 Livres Almoço Flex Seg-Sex / Sáb-Dom Repouso;;;;;;;;;;;;Demissão:;;;;;;;;;;
;Cargo:;;;;;;;;;;;;Função:;;;;;;;;;;;;;;
;Empregado:;;;;Carol Maria Rondelli;;;;;;;;;;;;;;;;;;;;;;
Dia;;;"Jornada realizada
ENTR. SAIDA ENTR. SAIDA";;;;;;; Turno;;;Jornada Diurna/Not.;;"Extra
Diurno/Not.";;;;;;Devido;Abono;;Desab;;; Justificativa
01/09 - dom;;;;;;;;;;(R) ;;;;;;;;;;;;;;;;;
02/09 - seg;;;10:03 13:02 13:14 19:15;;;;;;;6:00h Livre (intervalo 12:00-13:00 [flex]);;;06:00;00:00;03:00;;;00:00;;;00:00;;;;;;
03/09 - ter;;;15:45 19:15;;;;;;;6:00h Livre (intervalo 12:00-13:00 [flex]);;;03:30;00:00;00:00;;;00:00;;;02:30;;;;;;
04/09 - qua;;;10:51 18:04;;;;;;;6:00h Livre (intervalo 12:00-13:00 [flex]);;;06:00;00:00;01:13;;;00:00;;;00:00;;;;;;
05/09 - qui;;;12:57 16:58 17:04 19:15;;;;;;;6:00h Livre (intervalo 12:00-13:00 [flex]);;;06:12;00:00;00:00;;;00:00;;;00:00;;;;;;
06/09 - sex;;;12:47 18:54;;;;;;;6:00h Livre (intervalo 12:00-13:00 [flex]);;;06:07;00:00;00:00;;;00:00;;;00:00;;;;;;
07/09 - sáb;;;;;;;;;;(R) ;;;;;;;;;;;;;;;;;
08/09 - dom;;;;;;;;;;(R) ;;;;;;;;;;;;;;;;;
09/09 - seg;;;10:54 19:31;;;;;;;6:00h Livre (intervalo 12:00-13:00 [flex]);;;06:00;00:00;02:37;;;00:00;;;00:00;;;;;;
10/09 - ter;;;16:08 19:01;;;;;;;6:00h Livre (intervalo 12:00-13:00 [flex]);;;02:53;00:00;00:00;;;00:00;;;03:07;;;;;;
11/09 - qua;;;09:58 13:39 14:51 19:20;;;;;;;6:00h Livre (intervalo 12:00-13:00 [flex]);;;06:00;00:00;02:10;;;00:00;;;00:00;;;;;;
12/09 - qui;;;12:40 19:16;;;;;;;6:00h Livre (intervalo 12:00-13:00 [flex]);;;06:00;00:00;00:36;;;00:00;;;00:00;;;;;;
13/09 - sex;;;11:53 18:15;;;;;;;6:00h Livre (intervalo 12:00-13:00 [flex]);;;06:22;00:00;00:00;;;00:00;;;00:00;;;;;;
14/09 - sáb;;;;;;;;;;(R) ;;;;;;;;;;;;;;;;;
;Jornada + Abono;;;;;;;Jornada total;;;;55:04 (55,07);;;;00:00 (0,0);;;;;;;;;Jornada noturna;;
;55:04 (55,07);;;;;;;Extra total;;;;09:36 (9,6);;;;;;;;;;;;;;;
;Trabalhado (Jor.+Ext.);;;;;;;Atraso efetivo;;;;00:00 (0,0);;;;00:00 (0,0);;;;;;;;;Antecipação efetiva;;
;64:40 (64,67);;;;;;;Devido;;;;05:37 (5,62);;;;00:00 (0,0);;;;;;;;;Abonado;;
;Faltas;(horas);;;;;;Devido (s/faltas);;;;05:37 (5,62);;;;00:00 (0,0);;;;;;;;;Abonado (s/faltas);;
;0;00:00 (0,0);;;;;;Extra efetivo;;;;09:36 (9,6);;;;00:00 (0,0);;;;;;;;;Desabonado;;
;Dias;Feriados trab.;;;;;;Devido efetivo;;;;05:37 (5,62);;;;05:37:00;;;;;;;;;Devido efet(s/faltas;;
;14;0;;;;;;;;;;;;;;;;;;;;;;;;;
;;;;;;;;Dias escalados;;;;10;;;;03:58 (3,98);;;;;;;;;Saldo de Horas;;
;;;;;;;;;;;;;;;;60:00 (60,0);;;;;;;;;Horas programadas;;
Controle de Extra;;;;;;;;;;;;;;;;;;;;;;;;;;;
Jornada;;;;;;;Jornada de trabalho;;;;;;;;;;;;;;;;;;;55:04 (55,07);
Assinatura Gestor/Supervisor;;;;;;;;;;;;;;;;;;;Assinatura;;;;;;;;
;Empregador:;;;;CASTAWARE SOLUTIONS INC.;;;;;;;;;;;;CNPJ:;;;;;;1234567890;;;;
;Endereço:;;;;CastaStreet, 1234 - Hawai;;;;;;;;;;;;Unidade:;;;;;;;;;;
;Período:;;;;;01/09/2019;;;a;;14/09/2019;;;;;;Emitido em:;;;;;;14/setembro/2019;;;;
;Matrícula:;;;;57;;;;;;;;;;;;Admissão:;;;;;;;;;;
;Escala atual:;;;;04:00 Livres Almoço Flex Seg-Sex / Sáb-Dom Repouso;;;;;;;;;;;;Demissão:;;;;;;;;;;
;Cargo:;;;;;;;;;;;;Função:;;;;;;;;;;;;;;
;Empregado:;;;;Diego Rodrigues Abrantes;;;;;;;;;;;;;;;;;;;;;;
Dia;;;"Jornada realizada
ENTR. SAIDA ENTR. SAIDA";;;;;;; Turno;;;Jornada Diurna/Not.;;"Extra
Diurno/Not.";;;;;;Devido;Abono;;Desab;;; Justificativa
01/09 - dom;;;;;;;;;;(R) ;;;;;;;;;;;;;;;;;
02/09 - seg;;;11:15 17:26;;;;;;;(R) ;;;00:00;00:00;06:11;;;00:00;;;00:00;;;;;;
03/09 - ter;;;08:55 16:59;;;;;;;(R) ;;;00:00;00:00;08:04;;;00:00;;;00:00;;;;;;
04/09 - qua;;;12:39 17:18;;;;;;;(R) ;;;00:00;00:00;04:39;;;00:00;;;00:00;;;;;;
05/09 - qui;;;10:59 17:20;;;;;;;(R) ;;;00:00;00:00;06:21;;;00:00;;;00:00;;;;;;
06/09 - sex;;;14:11 19:43;;;;;;;(R) ;;;00:00;00:00;05:32;;;00:00;;;00:00;;;;;;
07/09 - sáb;;;;;;;;;;(R) ;;;;;;;;;;;;;;;;;
08/09 - dom;;;;;;;;;;(R) ;;;;;;;;;;;;;;;;;
09/09 - seg;;;11:45 17:37;;;;;;;(R) ;;;00:00;00:00;05:52;;;00:00;;;00:00;;;;;;
10/09 - ter;;;12:56 19:20;;;;;;;(R) ;;;00:00;00:00;06:24;;;00:00;;;00:00;;;;;;
11/09 - qua;;;11:00 14:49;;;;;;;(R) ;;;00:00;00:00;03:49;;;00:00;;;00:00;;;;;;
12/09 - qui;;;11:22 18:13;;;;;;;(R) ;;;00:00;00:00;06:51;;;00:00;;;00:00;;;;;;
13/09 - sex;;;10:46 18:50;;;;;;;(R) ;;;00:00;00:00;08:04;;;00:00;;;00:00;;;;;;
14/09 - sáb;;;;;;;;;;(R) ;;;;;;;;;;;;;;;;;
;Jornada + Abono;;;;;;;Jornada total;;;;00:00 (0,0);;;;00:00 (0,0);;;;;;;;;Jornada noturna;;
;00:00 (0,0);;;;;;;Extra total;;;;61:46 (61,78);;;;;;;;;;;;;;;
;Trabalhado (Jor.+Ext.);;;;;;;Atraso efetivo;;;;00:00 (0,0);;;;00:00 (0,0);;;;;;;;;Antecipação efetiva;;
;61:46 (61,78);;;;;;;Devido;;;;00:00 (0,0);;;;00:00 (0,0);;;;;;;;;Abonado;;
;Faltas;(horas);;;;;;Devido (s/faltas);;;;00:00 (0,0);;;;00:00 (0,0);;;;;;;;;Abonado (s/faltas);;
;0;00:00 (0,0);;;;;;Extra efetivo;;;;61:46 (61,78);;;;00:00 (0,0);;;;;;;;;Desabonado;;
;Dias;Feriados trab.;;;;;;Devido efetivo;;;;00:00 (0,0);;;;00:00:00;;;;;;;;;Devido efet(s/faltas;;
;14;0;;;;;;Dias escalados;;;;0;;;;61:46 (61,78);;;;;;;;;Saldo de Horas;;
;;;;;;;;;;;;;;;;00:00 (0,0);;;;;;;;;Horas programadas;;
Controle de Extra;;;;;;;;;;;;;;;;;;;;;;;;;;;
HoraExtraDomingoFeriado;;;;;;;Adicional Hora Extra Domingo e Feriados;;;;;;;;;;;;;;;;;;;61:47 (61,78);
Assinatura Gestor/Supervisor;;;;;;;;;;;;;;;;;;;Assinatura;;;;;;;;